1,Harvard University,166027,100,100,100,100,100,100,72.4,2022
2,University of Cambridge,NULL,73.6,99.8,93.4,53.3,56.6,70.9,66.9,2022
3,Stanford University,243744,73.4,41.1,72.2,88.5,70.9,72.3,65,2022
4,"University of California, Berkeley",110635,72.8,71.8,76,69.4,73.9,72.2,52.7,2022
5,Massachusetts Institute of Technology (MIT),166683,70.1,74,80.6,66.7,65.8,64.3,53,2022
6,California Institute of Technology,110404,67.1,59.2,68.6,59.8,65.8,52.5,100,2022
7,Columbia University,190150,62.3,79.4,60.6,56.1,54.2,69.5,45.4,2022
8,Princeton University,186131,60.9,63.4,76.8,60.9,48.7,48.5,59.1,2022
9,University of Chicago,144050,60.1,75.6,81.9,50.3,44.7,56.4,42.2,2022
10,University of Oxford,NULL,59.7,64.3,59.1,48.4,55.6,68.4,53.2,2022
11,Yale University,130794,56.9,52.1,44.5,60.3,57.2,63.9,49.3,2022
12,Cornell University,190415,54.6,46.5,52.4,55,48.8,66.3,39.8,2022
13,"University of California, San Diego",110680,51,17.7,34.7,59.8,56.5,64.5,46.6,2022
14,"University of California, Los Angeles",110662,50.6,27.3,32.8,56.7,50.1,75.6,34.3,2022
15,University of Pennsylvania,215062,50.2,35.5,35.1,56.7,42.9,71.8,39.1,2022
16,University of Wisconsin - Madison,240444,49.2,43,36.3,52.1,46.3,68.7,29,2022
17,University of Washington,236948,48.4,28.8,32.4,53.9,47.1,73.8,27.2,2022
18,"University of California, San Francisco",110699,47.8,0,37.6,55.6,57.9,58.8,45.2,2022
19,The Johns Hopkins University,162928,46.9,51.4,28.3,41.6,52.2,67.7,24.9,2022
20,The University of Tokyo,NULL,46.7,36,14.4,38.5,52.1,86.5,34.7,2022
21,University of Michigan - Ann Arbor,170976,44.9,43,0,61.9,43,76.5,30.9,2022
22,Kyoto University,NULL,43.8,39.7,34.1,34.2,37,72.3,31.1,2022
23,"The Imperial College of Science, Technology and Medicine",NULL,43.7,20.8,38.1,40.8,38.2,64.6,40.3,2022
24,University of Toronto,NULL,43.1,28.1,19.7,39.3,38.9,76.7,41.9,2022
25,University of Illinois at Urbana-Champaign,145637,42.8,41.6,37.4,44.4,34.1,58,26,2022
26,University College London,NULL,42.6,30.7,32.9,37.7,41.5,60.5,38.8,2022
27,Swiss Federal Institute of Technology Zurich,NULL,41.7,40.2,37,35.1,41.1,43.4,52.4,2022
28,Washington University in St. Louis,179867,40.7,25.1,26.6,38.5,46.5,53.9,39.9,2022
29,New York University,193900,38.8,33.8,25,43,35.3,55.4,26.3,2022
30,Rockefeller University,195049,38.2,22.6,59.8,28.3,44.1,24,35.9,2022
31,Northwestern University,147767,37.9,21.7,19.3,44.4,33.8,57.6,36.2,2022
32,Duke University,198419,37.7,20.8,0,47.1,45.3,60.8,38.9,2022
32,"University of Minnesota, Twin Cities",174066,37.7,36,0,49.7,35.2,68.4,23.8,2022
34,"University of California, Santa Barbara",110705,36.9,0,36,42.3,39,44.1,35.8,2022
35,University of Colorado at Boulder,126614,36.3,16.6,29.8,40.8,36.6,46.3,29.5,2022
36,The University of Texas at Austin,228778,35.5,21.7,17.1,49.1,30,54.8,21.7,2022
37,University of British Columbia,NULL,35.4,20.8,19.3,32.4,32.5,60.4,33.9,2022
38,The University of Texas Southwestern Medical Center at Dallas,228635,34.8,24.3,33.9,31.4,38.2,37.9,31,2022
39,Pennsylvania State University - University Park,49576702,33.4,14,0,45.8,37.9,59.9,24,2022
39,Vanderbilt University,221999,33.4,12.5,30.2,34.2,24.5,49.2,35.6,2022
41,"University of California, Davis",110644,32.9,0,0,46.5,34.5,64,29.8,2022
41,Utrecht University,NULL,32.9,30.7,21.4,27.2,27.3,55.7,25.9,2022
43,"Rutgers, The State University of New Jersey - New Brunswick",NULL,32.3,15.4,20.4,36.9,32.9,47.1,24.1,2022
43,University of Pittsburgh,215293,32.3,25.1,0,40.1,25.9,64.3,28.2,2022
45,Karolinska Institute,NULL,32.1,30.7,27.8,33.3,19.7,47.3,25.1,2022
46,Pierre and Marie  Curie University - Paris 6,NULL,32,35.7,23.9,23.6,24.2,51.2,30,2022
47,The University of Edinburgh,NULL,31.8,22.6,17.1,26.1,35.8,49.4,29.9,2022
47,"University of California, Irvine",110653,31.8,0,30,32.4,28.5,48.2,31.1,2022
47,"University of Maryland, College Park",163286,31.8,25.9,0,40.8,33.6,54.6,25.6,2022
50,University of Southern California,123961,31.7,0,27.3,37.7,23.6,52.8,25.8,2022
51,University of Munich,NULL,31.4,37.1,21.1,15.7,30.4,51.9,30,2022
52,Technical University Munich,NULL,31.3,43,24.1,24.8,20.7,46.5,29.2,2022
53,The University of Manchester,NULL,31.2,27.3,19.3,23.6,22.6,57.3,30.4,2022
54,Carnegie Mellon University,211440,30.8,30.7,33.5,32.4,14.7,38.3,31.4,2022
55,University of North Carolina at Chapel Hill,199120,30.3,12.5,0,35.1,32.8,59.5,27.3,2022
56,The Australian National University,NULL,30.2,17.7,12.9,36.9,29,45.1,27.8,2022
57,University of Copenhagen,NULL,30,30.7,24.7,23.6,22.8,45.7,27.7,2022
57,University of Florida,484473,30,15.4,0,35.1,25,65.2,25.8,2022
57,University of Zurich,NULL,30,12.5,27.3,19.2,30.3,47.2,30.6,2022
60,Uppsala University,NULL,29.9,25.9,32.9,11.1,28.7,49.1,21.6,2022
61,University of Paris Sud (Paris 11),NULL,29.4,33.2,34.2,13.6,19.6,44.9,27.9,2022
62,Osaka University,NULL,29.3,12.5,0,23.6,31.1,66.8,29.2,2022
63,The Ohio State University - Columbus,NULL,29.2,17.7,0,40.8,21.5,61.2,19.5,2022
64,University of Bristol,NULL,28.8,10.9,18.2,30.4,24.5,47.5,27.4,2022
65,The University of Sheffield,NULL,28.6,23.5,14.4,23.6,29.2,46.6,27.1,2022
65,University of Rochester,195030,28.6,33.2,9.1,27.2,25.3,43,36.1,2022
67,McGill University,NULL,28.4,28.8,0,28.3,23.6,56.8,30,2022
67,Moscow State University,NULL,28.4,51.4,34.9,0,7.5,54,31.6,2022
69,Case Western Reserve University,201645,28.3,40.7,11.8,20.8,23,44.8,33.7,2022
69,University of Oslo,NULL,28.3,25.9,34.1,17.6,18.2,41.5,26.4,2022
71,University of Heidelberg,NULL,28,10.9,27.7,20.8,20.9,48.1,26.9,2022
72,Leiden University,NULL,27.9,25.1,15.8,27.2,19.3,46.7,28.1,2022
73,Tohoku University,NULL,27.8,18.8,0,19.2,26.9,65.3,29,2022
73,University of Arizona,104179,27.8,0,0,29.4,36.8,55.8,25.7,2022
75,Purdue University - West Lafayette,NULL,27.7,18.8,17.1,27.2,21.4,49.8,19.4,2022
76,University of Helsinki,NULL,27.4,18.8,18.2,15.7,21.4,54.5,27.5,2022
77,Michigan State University,171100,26.9,12.5,0,37.7,26.6,51,18.7,2022
78,Rice University,227757,26.2,21.7,22.3,23.6,24.4,30.8,31,2022
78,The Hebrew University of Jerusalem,NULL,26.2,33.2,0,23.6,27.1,46.6,26.9,2022
80,Boston University,164988,26.1,15.4,0,31.4,28.1,50.8,17.5,2022
80,King's College London,NULL,26.1,16.6,23.5,20.8,17.4,44.6,24.8,2022
82,University of Melbourne,NULL,26,15.4,14.4,22.2,18.7,53.5,19.9,2022
83,University of Nottingham,NULL,25.9,15.4,20.4,20.8,19,45.6,24.8,2022
84,University of Goettingen,NULL,25.8,38.7,20.4,15.7,17.5,40.2,24.5,2022
85,University of Vienna,NULL,25.6,25.1,15.8,7.9,22.7,52.2,26.4,2022
86,Brown University,217156,25.4,0,13.9,29.4,25.5,40.7,27.9,2022
87,Indiana University Bloomington,NULL,25.2,14,18.2,24.8,21.2,42,18.2,2022
87,University of Basel,NULL,25.2,25.9,17.5,19.2,21.4,34.5,33.8,2022
89,Texas A&M University - College Station,NULL,25.1,0,0,32.4,24.4,55,20.4,2022
90,McMaster University,NULL,24.9,16.6,19.3,22.2,15.9,43.5,23.9,2022
90,University of Freiburg,NULL,24.9,25.1,21.4,17.6,18.2,39.5,23.2,2022
92,University of Strasbourg,NULL,24.7,29.4,22.9,19.2,19.5,32.7,22.4,2022
93,Ecole Normale Superieure - Paris,NULL,24.6,47.8,25,13.6,18.1,27.2,23.3,2022
93,Stockholm University,NULL,24.6,29.4,30.2,15.7,14.3,35.3,18.9,2022
93,Tokyo Institute of Technology,NULL,24.6,16.6,0,22.2,22.5,50.6,31.5,2022
93,University of Utah,230764,24.6,0,0,30.4,31.4,45.5,24.8,2022
97,University of Roma - La Sapienza,NULL,24.5,16.6,15.8,11.1,21.8,54.6,15.1,2022
98,University of Birmingham,NULL,24.4,25.1,11.2,22.2,13.4,47,24.5,2022
99,Lund University,NULL,24.3,29.4,0,24.8,19.4,50.1,18.1,2022
100,Tufts University,168148,23.9,18.8,17.1,20.8,19.1,37.4,25.2,2022
1,Harvard University,166027,100,100,100,100,100,100,73.6,2021
2,University of Cambridge,NULL,72.6,96.3,91.5,53.8,59.5,67.1,66.5,2021
3,Stanford University,243744,72.5,39.7,70.7,88.4,70,71.4,65.3,2021
4,"University of California, Berkeley",110635,72.1,70.6,74.5,70.5,72.2,71.9,53.1,2021
5,Massachusetts Institute of Technology (MIT),166683,69.7,72.9,80.6,66.6,66.4,62.2,53.6,2021
6,California Institute of Technology,110404,66,57.1,69.1,59.1,64.5,50.1,100,2021
7,Columbia University,190150,61.8,78.2,59.4,56,53.6,69.8,45.8,2021
8,Princeton University,186131,58.6,61.1,75.3,59.6,43.5,47.3,58,2021
8,University of Chicago,144050,58.6,72.9,80.2,49.9,43.7,54.1,41.8,2021
10,University of Oxford,NULL,57.6,62,57.9,48,54.3,66,46,2021
11,Yale University,130794,55.9,50.3,43.6,59.1,56.6,63,49.3,2021
12,Cornell University,190415,54.1,44.9,51.3,56,48.4,65.2,40.1,2021
13,"University of California, San Diego",110680,50.5,17.1,34,59.6,54.8,65.6,47.1,2021
14,"University of California, Los Angeles",110662,50.4,26.4,32.1,57.6,47.5,77.3,34.9,2021
15,University of Pennsylvania,215062,50.1,34.2,34.4,57,41.7,73.6,40,2021
16,University of Wisconsin - Madison,240444,48.8,41.5,35.5,53.3,45.1,68.3,29.3,2021
17,University of Washington,236948,48.5,27.7,31.8,53.3,47.6,75.5,27.8,2021
18,"University of California, San Francisco",110699,47.7,0,36.8,55.5,54.8,61.1,48.2,2021
19,The University of Tokyo,NULL,46.7,34.8,14.1,41.4,51.5,85.5,35.2,2021
20,The Johns Hopkins University,162928,46.6,49.5,27.8,40.7,52.2,68.8,25.3,2021
21,University of Michigan - Ann Arbor,170976,44.5,41.5,0,61.5,41.6,76.9,31.2,2021
22,Kyoto University,NULL,43.9,38.3,33.4,36.9,36.2,72.4,31.7,2021
23,"The Imperial College of Science, Technology and Medicine",NULL,43.4,20.1,37.4,40,39.7,64.2,40.2,2021
24,University of Toronto,NULL,42.8,27.1,19.3,38.5,36.5,78.3,44.8,2021
25,University of Illinois at Urbana-Champaign,145637,42.5,40.1,36.6,45.5,33.6,57.7,26.3,2021
26,University College London,NULL,42.2,29.6,32.2,38.5,43.2,60,33.4,2021
27,Swiss Federal Institute of Technology Zurich,NULL,41.2,38.8,36.3,35.3,39.9,43.5,52.6,2021
28,Washington University in St. Louis,179867,40.4,24.2,26,37.7,45.6,55.3,40.4,2021
29,New York University,193900,38.4,36.8,24.5,42.8,34,54,26.4,2021
30,Rockefeller University,195049,38.3,21.8,58.6,28.8,44.8,24.1,38.4,2021
31,Duke University,198419,38.2,20.1,0,48,45.4,62.4,40.3,2021
32,"University of Minnesota, Twin Cities",174066,37.8,34.8,0,50.4,34.1,69.7,24.3,2021
33,Northwestern University,147767,37.6,21,18.9,44.9,33.6,57.1,36.7,2021
34,University of Colorado at Boulder,126614,36.4,16,30.8,40,37,46.4,30.1,2021
35,"University of California, Santa Barbara",110705,36.1,0,35.3,42.1,37,43.7,35.7,2021
36,University of British Columbia,NULL,35.5,20.1,18.9,31.7,31.9,62.1,36.6,2021
37,"University of Maryland, College Park",163286,35.4,25,20,40,32.7,53.8,26.4,2021
38,The University of Texas Southwestern Medical Center at Dallas,228635,35.2,23.4,33.2,31.7,38.1,39.8,33.5,2021
39,The University of Texas at Austin,228778,34.9,21,16.7,48,28.3,55.4,21.8,2021
40,Utrecht University,NULL,33.4,29.6,20.9,28.8,27.5,57.3,26.9,2021
41,Vanderbilt University,221999,33.2,12.1,29.6,32.6,24.7,50.6,36.2,2021
42,Pennsylvania State University - University Park,49576702,32.7,13.5,0,44.9,37.7,58,23.8,2021
42,"University of California, Davis",110644,32.7,0,0,47.4,33.3,63.3,30.1,2021
44,"University of California, Irvine",110653,32.6,0,29.4,35.3,28.9,49,32.4,2021
45,Pierre and Marie  Curie University - Paris 6,NULL,32.4,34.4,23.5,23.1,24.9,52.9,32.5,2021
46,"Rutgers, The State University of New Jersey - New Brunswick",NULL,32.3,14.8,20,38.5,32.7,46.5,24.6,2021
47,University of Southern California,123961,32,0,26.8,37.7,24.1,54,26.6,2021
48,Karolinska Institute,NULL,31.9,29.6,27.3,33.5,18,48.7,25.6,2021
48,University of Pittsburgh,215293,31.9,24.2,0,40,24,65,28.6,2021
50,The University of Manchester,NULL,31.7,26.4,18.9,24.3,24.9,58.7,28.7,2021
51,University of Munich,NULL,31.5,35.8,22.9,15.4,28,52.9,32.2,2021
52,The University of Edinburgh,NULL,31.4,21.8,16.7,25.5,35.4,49.3,30.3,2021
53,University of Florida,484473,31,21.8,0,36.1,25.1,65.6,26.7,2021
54,Technical University Munich,NULL,30.8,41.5,23.6,24.3,19.5,46.2,30.7,2021
54,The Australian National University,NULL,30.8,17.1,12.6,37.7,30.1,44.4,32.8,2021
56,Carnegie Mellon University,211440,30.5,33.7,32.8,32.6,12.7,37.5,31.8,2021
56,University of Copenhagen,NULL,30.5,29.6,24.2,23.1,24.8,46.4,30,2021
58,University of Zurich,NULL,30.4,12.1,26.8,21.8,29.7,47.9,31.4,2021
59,University of North Carolina at Chapel Hill,199120,30.3,12.1,0,37.7,29.3,60.3,27.9,2021
60,The Hebrew University of Jerusalem,NULL,30,32,20,25.5,25.2,44.7,29.5,2021
61,Osaka University,NULL,29.6,12.1,0,25.5,30.7,67,29.9,2021
62,McGill University,NULL,29.5,27.7,0,30.8,22.4,59.7,33.5,2021
62,University of Bristol,NULL,29.5,10.5,17.9,29.8,26.3,47.8,33.2,2021
64,University of Paris Sud (Paris 11),NULL,29.4,32,33.5,13.3,20.8,44.7,29.7,2021
65,Uppsala University,NULL,29.3,25,32.2,13.3,24.6,49.3,21.5,2021
66,The Ohio State University - Columbus,NULL,29,17.1,0,40.7,20.6,61.3,19.7,2021
66,University of Heidelberg,NULL,29,19.1,27.2,18.8,21.5,49.5,29.5,2021
68,University of Oslo,NULL,28.6,25,33.4,18.8,17.7,42.7,28.5,2021
69,The University of Sheffield,NULL,28.5,22.6,14.1,23.1,29.2,45.8,30.2,2021
70,Case Western Reserve University,201645,27.9,39.2,11.5,21.8,22,43.9,33.6,2021
70,Moscow State University,NULL,27.9,49.5,34.2,0,5.6,54.3,33.4,2021
72,Leiden University,NULL,27.8,24.2,15.5,28.8,18.9,46,28.5,2021
73,Purdue University - West Lafayette,NULL,27.7,18.2,16.7,27.7,20.7,50.6,19.9,2021
74,University of Helsinki,NULL,27.6,18.2,17.9,20.4,19.2,53.4,29.2,2021
74,University of Rochester,195030,27.6,32,8.9,26.6,21.6,43.3,35.6,2021
76,Tohoku University,NULL,27.2,18.2,0,20.4,22.6,65.9,29.2,2021
76,University of Arizona,104179,27.2,0,0,28.8,36.7,54,25.6,2021
78,University of Melbourne,NULL,26.7,14.8,14.1,23.1,18.1,54.8,25.2,2021
79,University of Nottingham,NULL,26.2,14.8,20,23.1,18.3,45,27.6,2021
80,Michigan State University,171100,26.1,12.1,0,37.7,22.7,51.2,18.6,2021
81,Boston University,164988,25.9,14.8,0,31.7,26.7,51.6,17.8,2021
81,University of Basel,NULL,25.9,25,17.1,20.4,22.4,36.2,35.4,2021
83,King's College London,NULL,25.8,16,23.1,20.4,16.7,43.9,26.7,2021
84,Stockholm University,NULL,25.6,28.4,29.6,15.4,18.5,36.9,19.7,2021
85,Brown University,217156,25.4,0,13.6,28.8,26.7,40.5,28.4,2021
85,University of Goettingen,NULL,25.4,37.3,20,15.4,15.9,40.8,26,2021
87,Rice University,227757,25.3,21,21.9,23.1,22,30.4,30.4,2021
88,Texas A&M University - College Station,NULL,25.1,0,0,31.7,24.4,55.7,20.8,2021
89,Tokyo Institute of Technology,NULL,25,16,0,23.1,23.3,51.2,32.5,2021
90,Lund University,NULL,24.7,28.4,0,24.3,20.2,52.2,18.8,2021
90,McMaster University,NULL,24.7,16,18.9,21.8,14.2,44.6,25.6,2021
90,University of Birmingham,NULL,24.7,24.2,10.9,21.8,15.2,46.6,27.6,2021
93,University of Freiburg,NULL,24.6,24.2,20.9,17.2,18.4,38.8,24.4,2021
94,University of Utah,230764,24.5,0,0,30.8,28.6,47.1,25.3,2021
95,University of Iowa,NULL,24.3,0,0,33.5,22.4,51.6,21.8,2021
96,University of Strasbourg,NULL,24.2,28.4,22.5,18.8,16.7,33.6,23.6,2021
97,Indiana University Bloomington,NULL,24.1,13.5,17.9,24.3,18.9,40.7,17.8,2021
98,Nagoya University,NULL,24,0,14.1,15.4,21.6,52.9,25.8,2021
99,Ecole Normale Superieure - Paris,NULL,23.6,46.1,24.5,13.3,14.8,27.3,24.1,2021
100,Arizona State University - Tempe,NULL,23.5,0,14.1,21.8,27,42.6,18.1,2021
100,University of Roma - La Sapienza,NULL,23.5,16,15.5,10.9,19.4,53.3,14.8,2021
1,Harvard University,166027,100,100,100,100,100,100,73,2020
2,Stanford University,243744,73.7,42,78.7,86.1,69.6,70.3,65.7,2020
3,"University of California, Berkeley",110635,71.9,72.5,77.1,67.9,72.9,69.2,52.6,2020
4,University of Cambridge,NULL,71.6,93.6,91.5,54,58.2,65.4,65.1,2020
5,Massachusetts Institute of Technology (MIT),166683,70,74.6,80.6,65.9,68.4,61.7,53.4,2020
6,California Institute of Technology,110404,66.4,55.5,69.1,58.4,67.6,50.3,100,2020
7,Columbia University,190150,63.2,76,65.7,56.5,54.3,69.6,46.4,2020
8,Princeton University,186131,59.5,62.3,80.4,59.3,42.9,46.5,58.9,2020
9,University of Chicago,144050,58.4,70.8,80.2,50.8,42.8,54.1,41.3,2020
10,University of Oxford,NULL,56.4,60.3,57.9,46.3,52.3,65.4,44.7,2020
11,Yale University,130794,55.9,50.9,43.6,57.9,57.2,63.2,48.9,2020
12,Cornell University,190415,54.3,43.6,51.3,54.5,51.4,65.1,39.9,2020
13,"University of California, Los Angeles",110662,52.6,25.6,42.8,57.4,49.1,75.9,35.5,2020
14,"University of California, San Diego",110680,50.4,16.6,34,59.3,55.5,64.6,46.6,2020
15,University of Pennsylvania,215062,49,33.3,34.4,56.9,40.3,70.8,38.7,2020
16,University of Washington,236948,48.2,27,31.8,52.4,49,74.1,27.4,2020
17,University of Wisconsin - Madison,240444,48,40.3,35.5,52.9,43.1,67.2,28.6,2020
18,"University of California, San Francisco",110699,46.8,0,36.8,54,53.7,59.8,46.7,2020
19,The Johns Hopkins University,162928,46.1,48.1,27.8,41.3,50.9,67.9,24.7,2020
20,The University of Tokyo,NULL,45.9,33.8,14.1,41.9,52.7,80.9,34,2020
21,University of Michigan - Ann Arbor,170976,44,40.3,0,60.7,40.8,77.1,30.7,2020
22,Kyoto University,NULL,43.1,37.2,33.4,38.5,35.1,68.6,30.6,2020
23,"The Imperial College of Science, Technology and Medicine",NULL,43,19.5,37.4,40.6,39.7,62.2,39.4,2020
23,University of Toronto,NULL,43,26.3,19.3,39.2,37.7,77.6,44.4,2020
25,University College London,NULL,42.8,28.8,32.2,38.5,42.9,63.2,33.8,2020
26,University of Illinois at Urbana-Champaign,145637,42.7,39,36.6,44.5,36.4,57.6,26.2,2020
27,Swiss Federal Institute of Technology Zurich,NULL,39.9,37.7,36.3,35.5,39.9,38.4,50.5,2020
28,Washington University in St. Louis,179867,39.7,23.5,26,39.2,43.2,53.4,39.3,2020
29,Northwestern University,147767,38.2,20.4,18.9,46.9,34.2,57,36.9,2020
30,New York University,193900,38,35.8,24.5,41.3,34.4,53.9,25.9,2020
30,Rockefeller University,195049,38,21.2,58.6,27.7,45.6,23.2,37.8,2020
32,Duke University,198419,37.4,19.5,0,46.9,43.6,62,39.2,2020
33,"University of Minnesota, Twin Cities",174066,37,33.8,0,48.6,35.9,67,23.5,2020
34,University of Colorado at Boulder,126614,36.6,15.6,30.8,39.9,38.8,45.7,30,2020
35,"University of California, Santa Barbara",110705,35.8,0,35.3,42.6,36.2,42.7,35.1,2020
36,University of British Columbia,NULL,35.4,19.5,18.9,31.4,31,63.1,36.3,2020
37,"University of Maryland, College Park",163286,35,24.3,20,40.6,31.2,53.3,25.9,2020
38,The University of Texas at Austin,228778,34.4,20.4,16.7,46.9,28,54.8,21.3,2020
39,Pierre and Marie  Curie University - Paris 6,NULL,33.8,38.4,23.6,23.4,27.2,54.2,33.5,2020
39,The University of Texas Southwestern Medical Center at Dallas,228635,33.8,22.8,33.2,30.6,35.5,38,31.9,2020
41,Vanderbilt University,221999,33.6,19.5,29.6,31.4,23.8,51,36,2020
42,Utrecht University,NULL,33.5,28.8,20.9,27.7,29.9,56.6,26.6,2020
43,Pennsylvania State University - University Park,49576702,32.7,13.2,0,45.1,37.7,58,23.7,2020
43,"University of California, Davis",110644,32.7,0,0,46.9,33.1,64.2,30,2020
45,"University of California, Irvine",110653,32.5,0,29.4,35.5,28,48.9,32.1,2020
46,University of Copenhagen,NULL,32.2,28.8,24.2,25.7,25.2,51.4,31.7,2020
47,"Rutgers, The State University of New Jersey",NULL,32.1,14.4,20,39.9,32.1,44.8,24.2,2020
48,The University of Manchester,NULL,32,25.6,18.9,24.6,28.3,56.9,28.4,2020
49,University of Pittsburgh,215293,31.9,23.5,0,39.9,23.6,65.6,28.5,2020
50,University of Southern California,123961,31.4,0,26.8,37.1,23.4,52.7,25.9,2020
51,University of Florida,484473,31.1,21.2,0,37.1,24.8,65.5,26.5,2020
52,University of Paris Sud (Paris 11),NULL,30.9,31.3,39.1,14.8,20.4,44.8,30.8,2020
53,Karolinska Institute,NULL,30.8,28.8,27.3,32.3,16.6,47,24.5,2020
53,The University of Edinburgh,NULL,30.8,21.2,16.7,26.7,34.2,47,29.3,2020
53,University of Munich,NULL,30.8,34.8,22.9,14.8,27.1,51.8,31.1,2020
56,Technical University Munich,NULL,30.6,40.3,23.6,25.7,20.2,44.4,29.9,2020
57,The Australian National University,NULL,30.4,16.6,12.6,36.3,30,44.7,32.2,2020
58,University of North Carolina at Chapel Hill,199120,30.2,11.8,0,37.8,29.3,60.1,27.7,2020
58,University of Zurich,NULL,30.2,11.8,26.8,22.2,28.3,48.4,31.1,2020
60,Carnegie Mellon University,211440,30,32.8,32.8,32.3,12,36.7,31,2020
61,The Ohio State University - Columbus,NULL,29.5,16.6,0,41.9,22,61.2,19.8,2020
62,University of Bristol,NULL,29.4,10.2,17.9,29.6,26.7,47.3,32.8,2020
63,McGill University,NULL,29.3,27,0,29.6,24.2,58.7,32.7,2020
64,The Hebrew University of Jerusalem,NULL,29,31.1,20,24.6,23.3,43.6,28.2,2020
65,University of Heidelberg,NULL,28.9,18.6,27.2,18.2,22.8,48.7,29,2020
66,Uppsala University,NULL,28.8,24.3,32.2,12.8,23.6,49.1,21,2020
67,Osaka University,NULL,28.6,11.8,0,24.6,30.4,64,28.5,2020
68,Purdue University - West Lafayette,NULL,28.3,17.6,16.7,29.6,20.9,51.3,20.2,2020
69,University of Oslo,NULL,28.2,24.3,33.4,18.2,16.8,42.5,27.9,2020
70,Brown University,217156,28.1,17.6,13.6,31.4,28.2,39.9,29.6,2020
71,Leiden University,NULL,28,23.5,15.5,28.7,20.9,45.2,28.2,2020
72,The University of Sheffield,NULL,27.9,22,14.1,22.2,27.8,46,29.5,2020
73,University of Helsinki,NULL,27.8,17.6,17.9,19.6,21.7,52.7,28.9,2020
74,University of Arizona,104179,27.6,0,0,29.6,37.1,54.6,25.7,2020
75,University of Rochester,195030,27.4,31.1,8.9,26.7,21.5,43.1,35.2,2020
76,Moscow State University,NULL,27.1,51.6,34.2,0,7.5,48.5,31.6,2020
76,Tohoku University,NULL,27.1,17.6,0,22.2,23.7,63,28.3,2020
78,Case Western Reserve University,201645,26.8,38.1,11.5,21,19.6,43,32.2,2020
79,University of Melbourne,NULL,26.6,14.4,14.1,22.2,18.4,55.1,25,2020
80,Michigan State University,171100,26.1,11.8,0,36.3,24.6,51,18.4,2020
81,University of Nottingham,NULL,26,14.4,20,24.6,16.2,44.8,27.3,2020
82,University of Basel,NULL,25.9,24.3,17.1,21,22.9,35.6,35.1,2020
83,Boston University,164988,25.5,14.4,0,30.6,27.1,50.4,17.3,2020
83,Ecole Normale Superieure - Paris,NULL,25.5,48.5,31.6,12.8,16.8,25.8,25.8,2020
83,King's College London,NULL,25.5,15.6,23.1,19.6,15.4,45.1,26.6,2020
86,Stockholm University,NULL,25.3,27.6,29.6,16.6,17.2,36.4,19.4,2020
87,McMaster University,NULL,25,15.6,18.9,22.2,14.3,45.4,25.7,2020
87,Rice University,227757,25,20.4,21.9,22.2,22.3,30,29.8,2020
87,University of Goettingen,NULL,25,36.3,20,14.8,16.3,39.7,25.2,2020
90,Indiana University Bloomington,NULL,24.9,13.2,17.9,27.7,20,39.9,18,2020
91,Texas A&M University - College Station,NULL,24.8,0,0,33.1,23.6,53.7,20.3,2020
92,University of Birmingham,NULL,24.5,23.5,10.9,22.2,15.4,45.3,26.9,2020
93,University of Utah,230764,24.3,0,0,30.6,27.6,47.5,25,2020
94,Nagoya University,NULL,24.1,0,14.1,18.2,22.3,50,25,2020
94,University of Freiburg,NULL,24.1,23.5,20.9,16.6,18.9,37.4,23.6,2020
96,Arizona State University - Tempe,NULL,24,0,14.1,24.6,26.1,42.7,18.2,2020
97,Lund University,NULL,23.9,27.6,0,23.4,19.1,50.7,18,2020
97,University of Iowa,NULL,23.9,0,0,34,22.2,49.6,21.1,2020
99,Tokyo Institute of Technology,NULL,23.8,15.6,0,22.2,23.9,46.9,30.4,2020
99,University of Bonn,NULL,23.8,18.6,20,14.8,16.9,42.6,24.2,2020
99,University of Strasbourg,NULL,23.8,27.6,22.5,16.6,18.5,32.8,22.9,2020
1,Harvard University,166027,100,100,100,100,100,100,74.1,2019
2,Stanford University,243744,73.7,40,78.7,86.6,68.9,71.6,66.9,2019
3,"University of California, Berkeley",110635,71.4,69,77.1,68.8,70.6,70,53,2019
4,University of Cambridge,NULL,70.4,90.3,91.5,53.6,56,64.1,65,2019
5,Massachusetts Institute of Technology (MIT),166683,69.6,71,80.6,65.6,68.7,61.6,53.9,2019
6,California Institute of Technology,110404,65.4,52.8,69.1,57.4,66.1,49.7,100,2019
7,Columbia University,190150,62.5,72.4,65.7,56.5,52.3,70.5,46.6,2019
8,Princeton University,186131,58.9,59.3,80.4,61.9,40.5,44.8,59.3,2019
9,University of Chicago,144050,57.1,67.4,81.9,50.5,39.5,51.9,41.3,2019
10,University of Oxford,NULL,56.8,59,57.9,48.4,52,66,45.7,2019
11,Yale University,130794,54.9,48.5,43.6,57,55.7,62.4,48.7,2019
12,Cornell University,190415,54.1,41.5,51.3,54.1,52.3,64.7,40.4,2019
13,"University of California, Los Angeles",110662,52.4,24.4,42.8,57.4,48.9,75.7,36,2019
14,"University of California, San Diego",110680,50.3,15.8,34,59.7,53,66.7,47.4,2019
15,University of Pennsylvania,215062,49,31.7,34.4,58.3,41.3,69,39.2,2019
16,University of Washington,236948,48.3,25.7,31.8,53.1,49.5,74.1,28,2019
17,University of Wisconsin - Madison,240444,47.4,38.4,35.5,52.6,41.2,68.1,28.8,2019
18,"University of California, San Francisco",110699,46.6,0,36.8,54.1,51.5,60.8,47.5,2019
19,The University of Tokyo,NULL,46.4,32.2,14.1,43.1,51.9,83.3,35,2019
20,The Johns Hopkins University,162928,45.5,45.8,27.8,43.1,48.7,68.5,24.8,2019
21,University of Michigan - Ann Arbor,170976,44.2,38.4,0,60.6,41.7,78.1,31.4,2019
22,University College London,NULL,44,31.2,32.2,38.6,44.3,65.8,35.4,2019
23,Kyoto University,NULL,43.5,35.4,33.4,38.6,35.8,70.6,31.5,2019
24,Swiss Federal Institute of Technology Zurich,NULL,43.1,35.9,36.3,36.1,38.1,53.6,56,2019
24,University of Toronto,NULL,43.1,25,19.3,38.6,37,79.8,45.8,2019
26,University of Illinois at Urbana-Champaign,145637,42.9,37.1,36.6,43.8,36.1,60.3,26.9,2019
27,"The Imperial College of Science, Technology and Medicine",NULL,42.4,18.6,37.4,39.9,38.2,61.8,39.4,2019
28,"University of Minnesota, Twin Cities",174066,40.4,32.2,16.3,50,34.8,67.5,24.4,2019
29,Washington University in St. Louis,179867,40.1,22.4,26,38.6,43.2,56,40.5,2019
30,Northwestern University,147767,38.1,19.4,18.9,46.7,32.8,58.7,37.7,2019
31,New York University,193900,37.4,34.1,24.5,39.9,34.4,53.4,25.9,2019
32,Duke University,198419,37.2,18.6,0,46.1,42.6,63.4,39.8,2019
32,Rockefeller University,195049,37.2,20.2,58.6,29.2,42.2,22.3,37.9,2019
34,University of Colorado at Boulder,126614,36.4,14.8,30.8,39.3,39.4,45.5,30.4,2019
35,University of British Columbia,NULL,36.3,18.6,18.9,31.8,31.9,65.8,38.2,2019
36,"University of California, Santa Barbara",110705,35.5,0,35.3,41.9,34.9,43.2,35.4,2019
37,"University of Maryland, College Park",163286,34.6,23.1,20,40.6,30.4,53.1,26.1,2019
38,University of North Carolina at Chapel Hill,199120,33.9,11.2,16.3,37.9,28.8,62,29.1,2019
39,The University of Texas at Austin,228778,33.7,19.4,16.7,46.1,26.7,54.2,21.3,2019
40,The University of Manchester,NULL,33.6,24.4,18.9,28.2,28.3,60.5,30.4,2019
41,The University of Texas Southwestern Medical Center at Dallas,228635,33.3,21.7,33.2,30.9,31.7,39.3,32.1,2019
42,Pennsylvania State University - University Park,49576702,33.1,12.5,0,45.5,38.5,58.9,24.4,2019
42,Pierre and Marie  Curie University - Paris 6,NULL,33.1,36.6,23.6,23.1,27.3,58.2,21.3,2019
42,Vanderbilt University,221999,33.1,18.6,29.6,30.9,23.1,50.3,36,2019
45,University of Copenhagen,NULL,33,27.4,24.2,26.3,25.4,54.5,33.4,2019
46,"University of California, Irvine",110653,32.8,0,29.4,37.2,27.5,49.3,32.9,2019
47,Utrecht University,NULL,32.4,27.4,20.9,28.2,28.8,53.3,26,2019
48,"University of California, Davis",110644,32.2,0,0,46.7,31.7,63.2,30,2019
49,University of Paris Sud (Paris 11),NULL,32.1,33.3,46.2,14.6,20.4,47,23.1,2019
50,University of Southern California,123961,32,0,26.8,38.6,24.7,52.6,26.7,2019
51,Karolinska Institute,NULL,31.6,27.4,27.3,31.8,18.3,50.1,25.7,2019
52,University of Pittsburgh,215293,31.3,22.4,0,40.6,23.2,63.1,28.3,2019
53,University of Zurich,NULL,31,11.2,26.8,24.7,27.5,50.2,32.4,2019
54,"Rutgers, The State University of New Jersey",NULL,30.9,13.7,20,39.9,27.9,44,23.8,2019
55,The University of Edinburgh,NULL,30.8,20.2,16.7,26.3,32.3,49.7,30,2019
55,University of Munich,NULL,30.8,33.1,22.9,16.3,25.6,52.7,31.8,2019
57,Technical University Munich,NULL,30.5,41.1,23.6,25.3,18.9,44.8,30.6,2019
58,University of Florida,484473,30.4,20.2,0,37.2,22.7,64.9,26.6,2019
59,The Australian National University,NULL,30,15.8,12.6,35.7,30.5,43.4,32.2,2019
60,McGill University,NULL,29.9,25.7,0,32.6,22.8,60.3,34.3,2019
61,University of Bristol,NULL,29.5,9.7,17.9,28.2,28.1,47.8,33.5,2019
62,Carnegie Mellon University,211440,29.3,31.2,32.8,31.8,11.3,35.7,30.9,2019
62,The Ohio State University - Columbus,NULL,29.3,15.8,0,41.9,19.8,63,20.3,2019
64,University of Oslo,NULL,29,23.1,33.4,17.9,17,46.7,29.8,2019
65,Purdue University - West Lafayette,NULL,28.8,16.8,16.7,30.1,22,52.8,21,2019
65,The Hebrew University of Jerusalem,NULL,28.8,29.6,20,24.2,22.9,44.1,28.7,2019
67,University of Heidelberg,NULL,28.4,17.7,27.2,17.9,20.4,49.2,29.3,2019
68,Osaka University,NULL,28.3,11.2,0,26.3,28.2,63.6,28.7,2019
68,University of Helsinki,NULL,28.3,16.8,17.9,21.9,20.8,53.8,30.1,2019
70,Moscow State University,NULL,28.1,49.1,34.2,0,8.3,53.2,33.4,2019
71,Brown University,217156,27.9,16.8,13.6,31.8,26.6,40.4,29.9,2019
71,Uppsala University,NULL,27.9,23.1,32.2,12.6,19.3,49.5,21,2019
73,Ecole Normale Superieure - Paris,NULL,27.7,53.4,24.5,12.6,17.2,25.9,56.2,2019
73,University of Melbourne,NULL,27.7,13.7,14.1,23.1,19.6,58.1,26.7,2019
73,University of Rochester,195030,27.7,29.6,8.9,27.3,21.6,44.1,36.1,2019
76,Leiden University,NULL,27.6,22.4,15.5,28.2,17.7,47.6,28.8,2019
77,The University of Sheffield,NULL,27.5,20.9,14.1,21.9,25.5,47,29.7,2019
77,University of Arizona,104179,27.5,0,0,30.1,36.5,54.2,25.9,2019
79,Tohoku University,NULL,27.1,16.8,0,21.9,23.2,63.9,28.9,2019
79,University of Utah,230764,27.1,0,11.5,30.1,29.2,48,26.1,2019
81,King's College London,NULL,26.8,14.8,23.1,21.9,15.3,48.7,28.6,2019
82,University of Nottingham,NULL,26.5,13.7,20,24.2,16,47.9,28.7,2019
83,Boston University,164988,25.6,13.7,0,30.1,27.5,51.5,17.8,2019
83,Case Western Reserve University,201645,25.6,36.3,11.5,21.9,15.2,42.1,31.5,2019
83,Michigan State University,171100,25.6,11.2,0,35.7,22.4,51.6,18.5,2019
86,Stockholm University,NULL,25.5,26.3,29.6,16.3,19.2,36.2,19.7,2019
87,University of Basel,NULL,25.4,23.1,17.1,20.6,21.1,35.7,34.9,2019
88,Texas A&M University - College Station,NULL,25.2,0,0,32.6,24.5,55,20.9,2019
89,McMaster University,NULL,25.1,14.8,18.9,21.9,14.7,46.1,26.4,2019
90,University of Goettingen,NULL,24.9,34.5,20,14.6,16.5,40.3,25.6,2019
91,University of Birmingham,NULL,24.8,22.4,10.9,21.9,15.6,47.3,28,2019
92,Indiana University Bloomington,NULL,24.6,12.5,17.9,26.3,21.2,39.3,18.1,2019
93,Arizona State University - Tempe,NULL,24.5,0,14.1,24.2,28.2,43.1,18.9,2019
93,Aarhus University,NULL,24.5,13.7,18.9,7.3,24.5,48.2,27,2019
95,University of Virginia,NULL,24.4,0,0,32.6,26.3,47.2,25.5,2019
96,University of Freiburg,NULL,24.2,22.4,20.9,16.3,19.2,38,24.2,2019
97,Lund University,NULL,24.1,26.3,0,25.3,18,51.7,18.6,2019
97,Rice University,227757,24.1,19.4,21.9,21.9,19.7,29.5,29.3,2019
97,University of Bonn,NULL,24.1,17.7,20,14.6,20.2,41.3,24.7,2019
97,University of Sydney,NULL,24.1,17.7,0,20.6,16.4,58,26.8,2019
1,Harvard University,166027,100,100,100,100,100,100,74.8,2018
2,Stanford University,243744,73.1,39,78.7,87.1,67.3,70.1,66.9,2018
3,"University of California, Berkeley",110635,71,67.4,77.1,68.4,71.1,69,53.2,2018
4,University of Cambridge,NULL,70.2,89.4,91.5,53.8,53.9,65.4,65.5,2018
5,Massachusetts Institute of Technology (MIT),166683,69.5,71,80.6,65.7,67.9,62,54.4,2018
6,California Institute of Technology,110404,64.8,51.5,69.1,57.1,66.2,47.7,100,2018
7,Columbia University,190150,61.7,70.6,67.7,55.7,49.1,69.6,46.5,2018
8,Princeton University,186131,60.2,57.8,85.2,61.6,41.5,45.7,61.4,2018
9,University of Chicago,144050,57,65.8,84.3,49.7,38.6,51.6,41.8,2018
10,University of Oxford,NULL,56.3,57.6,57.9,48.9,49.8,66.1,45.7,2018
11,Yale University,130794,55.2,49.8,43.6,57.6,55.7,62.7,49.5,2018
12,Cornell University,190415,53.1,40.5,51.3,54.3,51.7,61.2,39.9,2018
13,"University of California, Los Angeles",110662,52.3,23.8,42.8,57.4,50.3,74.5,36.2,2018
14,"University of California, San Diego",110680,50.7,15.5,35.9,60.3,53.9,65.2,48,2018
15,University of Pennsylvania,215062,49.3,30.9,34.4,57.6,44.1,69,39.8,2018
16,University of Washington,236948,48,25,31.8,53.3,48.8,73.7,28.1,2018
17,University of Wisconsin - Madison,240444,46.7,37.5,35.5,52.3,39.8,66.7,28.6,2018
18,"University of California, San Francisco",110699,45.9,0,36.8,53.8,49.7,59.9,46.7,2018
19,The Johns Hopkins University,162928,45.2,44.7,27.8,41.7,49.1,67.1,24.9,2018
20,The University of Tokyo,NULL,45.1,34.1,14.1,42.9,49,79.7,34.1,2018
21,University College London,NULL,44.6,30.4,32.2,40.4,45.2,66,36.1,2018
22,University of Michigan - Ann Arbor,170976,43.8,37.5,0,60.3,41.4,77.3,31.4,2018
23,Swiss Federal Institute of Technology Zurich,NULL,43.6,35,36.3,35.9,41.8,52.6,57,2018
24,Kyoto University,NULL,42.7,34.6,34.9,38.4,34.6,67.3,31,2018
25,University of Illinois at Urbana-Champaign,145637,42.4,36.2,36.6,42.9,35.9,59.7,26.8,2018
26,"The Imperial College of Science, Technology and Medicine",NULL,41.9,18.1,37.4,40.4,35.9,61.7,39.4,2018
27,University of Toronto,NULL,40.5,24.4,19.3,39.1,35.1,78.2,27.5,2018
28,"University of Minnesota, Twin Cities",174066,40.4,31.4,16.3,49.7,35.3,67.5,24.6,2018
29,Washington University in St. Louis,179867,39.5,21.9,26,39.1,41.3,55,40.1,2018
30,Northwestern University,147767,38.7,18.9,18.9,47,34.8,59.1,38.5,2018
31,Duke University,198419,37.1,18.1,0,47,41.7,63,40,2018
32,New York University,193900,36.9,33.2,24.5,39.7,33.1,52.9,25.8,2018
32,Rockefeller University,195049,36.9,19.7,58.6,29,41.9,21.6,37.6,2018
34,University of Colorado at Boulder,126614,36.4,14.5,30.8,39.1,39.8,45.2,30.6,2018
35,"University of California, Santa Barbara",110705,35,0,35.3,41.7,33.8,42.3,35.2,2018
36,University of British Columbia,NULL,34.4,18.1,18.9,31.6,31.3,64.8,23.7,2018
37,"University of Maryland, College Park",163286,34.1,22.5,20,40.4,28.1,53.6,26.1,2018
38,The University of Texas at Austin,228778,34,18.9,16.7,46.5,27.7,54.3,21.6,2018
39,University of North Carolina at Chapel Hill,199120,33.4,10.9,16.3,39.1,27,60.4,28.9,2018
40,Pierre and Marie  Curie University - Paris 6,NULL,33.3,35.7,23.6,22.9,27.7,59.3,21.7,2018
41,The University of Manchester,NULL,33,23.8,18.9,28.1,28.5,58.3,29.9,2018
41,Vanderbilt University,221999,33,18.1,29.6,31.6,22.1,50.1,36.2,2018
43,University of Copenhagen,NULL,32.7,26.8,24.2,26.2,24.8,54.5,33.2,2018
43,University of Paris Sud (Paris 11),NULL,32.7,32.5,46.2,14.5,20.1,50.3,23.9,2018
45,Pennsylvania State University - University Park,49576702,32.5,12.2,0,45.9,37.6,56.9,24.1,2018
46,"University of California, Irvine",110653,32.4,0,29.4,37,26.1,48.9,32.8,2018
46,University of Southern California,123961,32.4,0,26.8,37.7,27,52.8,27.1,2018
48,The University of Texas Southwestern Medical Center at Dallas,228635,32.2,21.2,33.2,30.8,27.8,39.1,31.1,2018
49,"University of California, Davis",110644,31.8,0,0,46.5,31,62.6,29.9,2018
50,Karolinska Institute,NULL,31.7,26.8,27.3,31.6,19.4,49.6,25.8,2018
50,University of Pittsburgh,215293,31.7,21.9,0,42.3,24.1,62.6,28.7,2018
52,Utrecht University,NULL,31.5,26.8,20.9,28.1,30.5,48.2,25.1,2018
53,The University of Edinburgh,NULL,31,19.7,16.7,27.1,32.2,50.1,30.5,2018
54,University of Zurich,NULL,30.9,10.9,26.8,24.6,28.5,49,32.5,2018
55,"Rutgers, The State University of New Jersey - New Brunswick",NULL,30.4,13.4,20,40.4,25.8,43.4,23.6,2018
55,University of Munich,NULL,30.4,32.3,22.9,16.2,24.5,52.5,31.4,2018
57,Technical University Munich,NULL,30.2,40.1,23.6,25.1,18.1,45.2,30.4,2018
58,University of Florida,484473,29.8,19.7,0,37,21.2,64.1,26.4,2018
59,Carnegie Mellon University,211440,29.6,30.4,32.8,30.8,14.6,35.1,31,2018
59,The Australian National University,NULL,29.6,15.5,12.6,36.3,27.2,44.1,32.2,2018
61,University of Bristol,NULL,29.5,9.5,17.9,29,28.6,46.7,33.7,2018
62,The Ohio State University - Columbus,NULL,29.1,15.5,0,41.7,20.9,61.3,20.2,2018
63,University of Heidelberg,NULL,28.7,17.3,27.2,17.8,22.5,49,29.5,2018
64,The Hebrew University of Jerusalem,NULL,28.6,28.9,20,24.1,22.6,43.9,28.5,2018
65,King's College London,NULL,28.5,14.5,23.1,29,15,49.2,30.4,2018
65,McGill University,NULL,28.5,25,0,32.4,22.8,58.6,24.9,2018
65,Purdue University - West Lafayette,NULL,28.5,16.4,16.7,29.9,21.9,51.7,20.9,2018
65,University of Oslo,NULL,28.5,22.5,33.4,17.8,16.1,45.6,29.2,2018
69,Brown University,217156,28.4,16.4,13.6,31.6,28.6,41,30.7,2018
70,Ecole Normale Superieure - Paris,NULL,28.1,52.1,24.5,12.6,17.9,27.6,57.1,2018
71,Osaka University,NULL,27.8,10.9,0,26.2,27.8,62,28.3,2018
72,Leiden University,NULL,27.7,21.9,15.5,29,17.9,47.2,29.1,2018
72,University of Helsinki,NULL,27.7,16.4,17.9,21.8,20.7,51.8,29.2,2018
74,Boston University,164988,27.3,13.4,11.5,29.9,24.8,51.5,17.9,2018
75,University of Melbourne,NULL,27.2,13.4,14.1,22.9,17.2,58.5,26.7,2018
76,Uppsala University,NULL,27.1,22.5,32.2,12.6,17.6,48.3,20.6,2018
77,Moscow State University,NULL,26.9,47.9,34.2,0,8.2,48.7,31.7,2018
77,University of Arizona,104179,26.9,0,0,29.9,36.5,51.7,25.5,2018
77,University of Rochester,195030,26.9,28.9,8.9,27.1,19.4,43.4,35.5,2018
80,University of Utah,230764,26.6,0,11.5,30.8,27.3,47.2,25.9,2018
81,The University of Sheffield,NULL,26.3,20.4,14.1,21.8,23,44.6,28.5,2018
82,Nagoya University,NULL,26,25,14.1,16.2,22.6,48.1,25.9,2018
83,University of Nottingham,NULL,25.9,13.4,20,24.1,15.1,46.4,28.3,2018
84,Tohoku University,NULL,25.8,16.4,0,21.8,22.3,59.7,27.5,2018
85,University of Basel,NULL,25.6,22.5,17.1,22.9,19.4,36.1,35.5,2018
86,Michigan State University,171100,25.5,10.9,0,37,19.8,52.4,18.8,2018
87,Case Western Reserve University,201645,25.3,35.4,11.5,21.8,15.1,41.6,31.3,2018
88,Stockholm University,NULL,25.2,25.6,29.6,16.2,19.2,35.1,19.6,2018
88,Texas A&M University - College Station,NULL,25.2,0,0,33.2,23.9,54.9,21.1,2018
90,University of Goettingen,NULL,24.9,33.7,20,14.5,16.6,40.7,25.6,2018
91,McMaster University,NULL,24.6,14.5,18.9,22.9,14.4,45.3,22.6,2018
91,University of Virginia,NULL,24.6,0,0,33.2,27,46.8,25.8,2018
93,Indiana University Bloomington,NULL,24.4,12.2,17.9,26.2,19.3,40.4,18.2,2018
94,Arizona State University - Tempe,NULL,24.3,0,14.1,22.9,27.6,44.4,19.1,2018
94,University of Birmingham,NULL,24.3,21.9,10.9,21.8,15.5,45.4,27.4,2018
94,University of Sydney,NULL,24.3,17.3,0,20.5,18.4,57.4,27,2018
97,Aarhus University,NULL,24.2,13.4,18.9,7.3,24,47.6,26.6,2018
98,University of Bonn,NULL,24.1,17.3,20,14.5,20.9,41.1,24.7,2018
99,Rice University,227757,23.9,18.9,21.9,21.8,18,30.7,29.5,2018
100,Emory University,NULL,23.8,0,0,31.6,22.2,50.4,24,2018
1,Harvard University,166027,100,100,100,100,100,100,69.2,2017
2,"University of California, Berkeley",110635,72.4,67.6,79.3,69,70.9,70.6,54.2,2017
3,Stanford University,243744,72.1,40.2,78.4,87.6,68.4,69.7,50.1,2017
4,Massachusetts Institute of Technology (MIT),166683,71.4,70.5,80.3,66.8,70.1,61.4,64.5,2017
5,University of Cambridge,NULL,69.6,88.5,92.6,53.9,54.3,65.7,53.1,2017
6,California Institute of Technology,110404,64.4,50.3,68.8,56.7,64.8,46.9,100,2017
7,Princeton University,186131,60.8,56.4,84.8,61.1,43.3,44.3,65.5,2017
8,Columbia University,190150,60.4,70.7,67.4,56.2,47.6,69.9,32.1,2017
9,University of Chicago,144050,57.3,65.5,83.9,50.9,39.8,50.5,40,2017
10,University of Oxford,NULL,56.4,56.2,57.6,48.8,49.8,68.5,41.1,2017
11,Yale University,130794,54.6,48.6,44.9,58.5,56.3,62,37,2017
12,Cornell University,190415,52.6,42.3,51.1,54.3,49.9,59.5,38.1,2017
13,"University of California, Los Angeles",110662,52.2,27.2,42.6,56.9,49.2,75.1,31.2,2017
14,"University of California, San Diego",110680,50,15.1,35.8,60.2,54.6,65.1,37.9,2017
15,University of Pennsylvania,215062,49,32.9,34.3,57.1,46.9,68.6,28.5,2017
16,University of Washington,236948,48.7,24.4,31.7,53.9,51.6,72.5,28.1,2017
17,University of Wisconsin - Madison,240444,46.4,36.5,35.4,51.9,40.2,66.1,25.7,2017
18,The Johns Hopkins University,162928,46,43.6,32.1,42,49.4,64,27.2,2017
18,"University of California, San Francisco",110699,46,0,40.1,53.4,51.8,60.7,33.6,2017
20,The University of Tokyo,NULL,45.9,33.3,14.1,42,52,80.4,34.5,2017
21,University College London,NULL,44.4,32.9,32.1,39.4,44.6,67,31.6,2017
22,University of Michigan - Ann Arbor,170976,44.2,36.5,0,59.8,43.4,79.8,26.3,2017
23,Swiss Federal Institute of Technology Zurich,NULL,43.4,34.1,36.1,36.3,43.6,53.6,47.1,2017
24,Kyoto University,NULL,43.1,33.7,34.7,38.1,36,67.6,31,2017
25,University of Illinois at Urbana-Champaign,145637,42.6,35.4,36.5,42.6,37.1,58.6,27.8,2017
26,"The Imperial College of Science, Technology and Medicine",NULL,41.9,17.7,37.2,41.4,36.9,62.3,33,2017
27,University of Toronto,NULL,41.8,23.8,19.2,38.8,38.3,80.3,27.9,2017
28,"University of Minnesota, Twin Cities",174066,40.6,30.6,16.2,50.4,36.1,66.6,23.9,2017
29,Northwestern University,147767,38.4,18.5,18.9,48.3,35.9,59.7,28.4,2017
30,Washington University in St. Louis,179867,38.1,21.3,25.9,38.8,41,54.8,26.7,2017
31,New York University,193900,37.8,32.4,24.4,40.7,36.2,54.4,22.4,2017
32,"University of California, Santa Barbara",110705,37.1,16,35.1,42,33.3,42.6,37.3,2017
32,University of Colorado at Boulder,126614,37.1,14.1,30.7,38.8,41.7,44.7,33.5,2017
34,Rockefeller University,195049,36.7,19.2,58.4,28.8,42.3,21,35.6,2017
35,Duke University,198419,35.3,17.7,0,45.8,42.2,62,24.4,2017
36,University of British Columbia,NULL,34.7,17.7,18.9,32.2,30.8,65.7,23.7,2017
36,"University of Maryland, College Park",163286,34.7,22,19.9,41.4,29,53.6,26.2,2017
38,The University of Texas at Austin,228778,34.5,18.5,16.6,46.1,28.4,54.4,24.7,2017
39,Pierre and Marie  Curie University - Paris 6,NULL,34.2,34.8,23.5,24.9,28.8,59.9,21.9,2017
40,University of Copenhagen,NULL,33.4,26.1,24.1,26,26,56.4,32.3,2017
41,University of North Carolina at Chapel Hill,199120,33.3,10.7,16.2,39.4,27.7,60.6,23.9,2017
42,Karolinska Institute,NULL,33.2,26.1,27.2,31.4,20.5,49.9,38.1,2017
43,Pennsylvania State University - University Park,49576702,32.6,11.9,0,46.6,37.4,56.1,23.2,2017
44,The University of Manchester,NULL,32.4,23.2,18.9,27.9,28,59.1,23.1,2017
45,University of Paris Sud (Paris 11),NULL,32.3,31.7,46,12.5,20.8,49.9,23.6,2017
46,"University of California, Davis",110644,32,0,0,47.2,31.7,63,26,2017
46,"University of California, Irvine",110653,32,0,29.3,36.7,26.3,49.3,26.9,2017
46,University of Southern California,123961,32,0,26.7,38.8,26.3,53.1,20,2017
49,The University of Texas Southwestern Medical Center at Dallas,228635,31.8,20.6,33.1,30.5,29.9,38.4,23.5,2017
50,Utrecht University,NULL,31.7,26.1,20.9,27.9,30.4,48.2,26.1,2017
51,University of Zurich,NULL,31.2,10.7,26.7,26.4,28.7,50.6,27,2017
52,University of Munich,NULL,31.1,31.5,22.8,16.1,26.3,54.5,30.7,2017
53,Vanderbilt University,221999,31,17.7,29.5,31.4,20.2,50.8,19.1,2017
54,"Rutgers, The State University of New Jersey",NULL,30.9,13.1,19.9,40.1,27.9,43.7,23.2,2017
54,The University of Edinburgh,NULL,30.9,19.2,16.6,26,34.2,51.3,23.9,2017
56,Technical University Munich,NULL,30.7,39.2,23.5,24.9,19.5,46.5,29.2,2017
56,University of Pittsburgh,215293,30.7,21.3,0,42,23.4,63.1,19,2017
58,Carnegie Mellon University,211440,30.2,32.9,32.7,30.5,15.2,34.2,34.3,2017
59,The Australian National University,NULL,29.6,15.1,12.6,36,27.8,43.8,31.1,2017
59,The Ohio State University - Columbus,NULL,29.6,15.1,0,41.7,22.8,62,19.1,2017
61,McGill University,NULL,29.5,31.1,0,32.2,22.9,59.6,25.3,2017
62,University of Melbourne,NULL,29.3,19.9,14.1,22.8,18.7,63.1,27,2017
63,King's College London,NULL,29.1,14.1,23,31.4,16.7,50.7,25,2017
63,University of Heidelberg,NULL,29.1,16.9,27,17.6,23,50.6,28.6,2017
65,Brown University,217156,29,16,13.6,31.4,29.6,41.9,32.1,2017
66,University of Bristol,NULL,28.9,9.2,17.8,28.8,29.1,47.3,25.1,2017
66,Uppsala University,NULL,28.9,22,32.1,14.4,19.9,49.5,26.6,2017
68,University of Florida,484473,28.8,19.2,0,36.7,20.6,63.9,17.5,2017
69,Purdue University - West Lafayette,NULL,28.6,16,16.6,29.7,22.4,51.8,20.6,2017
70,Leiden University,NULL,28.4,21.3,15.4,27.9,19.9,47.8,32.4,2017
71,Ecole Normale Superieure - Paris,NULL,28.3,50.8,24.4,12.5,18.7,27.9,56.7,2017
72,The Hebrew University of Jerusalem,NULL,28.1,31.5,19.9,24.9,20.8,41.6,26.5,2017
72,University of Helsinki,NULL,28.1,16,17.8,22.8,20.6,52.7,28.2,2017
74,Moscow State University,NULL,27.9,46.8,34.1,0,9.6,52.4,31.2,2017
75,Osaka University,NULL,27.7,10.7,0,26.9,27.9,60.2,27.8,2017
75,University of Oslo,NULL,27.7,22,33.3,17.6,13.5,46.6,24.3,2017
77,Boston University,164988,27.3,13.1,11.5,29.7,24.7,50,19.3,2017
78,University of Arizona,104179,26.8,0,0,29.7,37.5,52.1,21.6,2017
79,Stockholm University,NULL,26.4,25,29.5,16.1,20.4,37.5,24.2,2017
79,Nagoya University,NULL,26.4,24.4,14.1,16.1,24.3,48.1,26.1,2017
81,Arizona State University - Tempe,NULL,26.1,0,19.9,24.9,26.9,44.3,21.1,2017
82,University of Rochester,195030,25.8,0,11.5,30.5,27,46.6,19.2,2017
82,University of Utah,230764,25.8,28.2,8.9,26.9,20.6,43.3,21.9,2017
84,Tohoku University,NULL,25.7,16,0,21.6,20.8,60.3,27.4,2017
84,University of Nottingham,NULL,25.7,13.1,19.9,23.9,16.1,47.6,20.9,2017
86,Michigan State University,171100,25.5,10.7,0,37.4,19.1,52.4,18.7,2017
86,University of Basel,NULL,25.5,22,17,22.8,19.4,36.2,34.5,2017
88,McMaster University,NULL,25.2,14.1,18.9,22.8,14.8,47.3,22.8,2017
88,The University of Sheffield,NULL,25.2,19.9,14.1,21,21.3,44.3,22.6,2017
90,Ghent University,NULL,25.1,7.5,15.4,17.6,15.1,54.4,30.4,2017
90,Indiana University Bloomington,NULL,25.1,11.9,22.7,24.9,18.5,39.9,19.6,2017
92,University of Sydney,NULL,25,16.9,0,20.4,18.4,61.4,25.1,2017
93,University of Bonn,NULL,24.9,16.9,19.9,14.4,23.3,42.5,24.3,2017
93,University of Goettingen,NULL,24.9,32.9,19.9,14.4,17.2,40.7,24.3,2017
95,Texas A&M University - College Station,NULL,24.8,0,0,34.5,21,54,21,2017
96,University of Virginia,NULL,24.5,0,0,34.5,26.8,47.5,19.5,2017
97,Case Western Reserve University,201645,24.3,34.5,11.5,21.6,14.3,41.9,22.7,2017
98,Aarhus University,NULL,24.2,13.1,18.9,7.2,23.5,48.4,25.4,2017
99,Rice University,227757,24,18.5,21.8,21.6,18.8,30.2,29.6,2017
99,University of Birmingham,NULL,24,21.3,10.9,21.6,16.2,46.4,20.7,2017